<?xml version="1.0" encoding="UTF-8"?>
<project-private xmlns="http://www.netbeans.org/ns/project-private/1">
    <editor-bookmarks xmlns="http://www.netbeans.org/ns/editor-bookmarks/2" lastBookmarkId="0"/>
    <open-files xmlns="http://www.netbeans.org/ns/projectui-open-files/2">
        <group>
            <file>file:/C:/Users/Ephrem/Documents/NetBeansProjects/Mekonnen3/web/ajax.js</file>
            <file>file:/C:/Users/Ephrem/Documents/NetBeansProjects/Mekonnen3/src/java/it/unitn/disi/webarch/mekonnen/LoginServlet.java</file>
            <file>file:/C:/Users/Ephrem/Documents/NetBeansProjects/Mekonnen3/src/java/it/unitn/disi/webarch/mekonnen/EventServlet.java</file>
            <file>file:/C:/Users/Ephrem/Documents/NetBeansProjects/Mekonnen3/web/newsPaper.html</file>
        </group>
    </open-files>
</project-private>
