<configuration>
    <authentication-client xmlns="urn:elytron:1.0">
        <authentication-rules>
                    <rule use-configuration="default" />
        </authentication-rules>
        <authentication-configurations>
            <configuration name="default">
                <sasl-mechanism-selector selector="#ALL" />
                <set-mechanism-properties>
                    <property key="wildfly.sasl.local-user.quiet-auth" value="true" />
                 </set-mechanism-properties>
                <providers>
                    <use-service-loader/>
                </providers>
             </configuration>
        </authentication-configurations>
    </authentication-client>
</configuration>
